{"cameraMode":{"drawMode":0,"name":"Shaded","section":"Shading Mode"},"sceneLighting":false,"audioPlay":false,"sceneViewState":{"showFog":true,"showMaterialUpdate":true,"showSkybox":false,"showFlares":true,"showImageEffects":true,"showParticleSystems":true},"in2DMode":false,"pivot":{"x":-80.8972396850586,"y":63.76858139038086,"z":19.034404754638673},"rotation":{"x":-0.037173692137002948,"y":-0.32354283332824709,"z":0.012752451933920384,"w":-0.945442795753479},"size":31.403722763061525,"orthographic":false}